{"intercepto": -11097.288392465378, "pesoEdad": 234.05882543716254, "pesoBMI": 300.9497850255429, "pesoFumador": 24510.68981343119, "pesoHijos": 333.6578274099793}